District,School,prop
17,602,0.4022727273
55,421,0.4035087719
13,441,0.4103671706
65,21,0.4107142857
50,3101,0.4107142857
64,9870,0.4146341463
14,291,0.4285714286
50,3046,0.4310344828
67,152,0.4565217391
13,7840,0.4615384615
60,3001,0.4375